{"objective":"","description":"","xmlCode":"<xml xmlns=\"http://www.w3.org/1999/xhtml\"><block type=\"program_start\" id=\")V9i72O6SFzG3mozdMbc\" x=\"110\" y=\"104\"><next><block type=\"uibackground_go_to_canvas\" id=\"oz.J4-a4kQwBo6RbN)-I\"><field name=\"element_id\">appScreen_1</field><next><block type=\"forever\" id=\"1uc+VQy-*18QuKp7iQKb\"><statement name=\"stack\"><block type=\"ui_background_set_bg_image\" id=\"(krW.vLYg_7VlC8,1nqL\"><field name=\"element_id\">appScreen_1</field><field name=\"SOURCE\">./img/CanvasBackgrounds/Gaming_1.jpg</field><next><block type=\"wait_time\" id=\"!U2Nqz6tQSa8Dmy4DuK,\"><field name=\"seconds\">5</field><next><block type=\"ui_background_set_bg_image\" id=\"sdjl+grMDiMYlJn4TQl8\"><field name=\"element_id\">appScreen_1</field><field name=\"SOURCE\">./img/CanvasBackgrounds/Gaming_2.jpg</field><next><block type=\"wait_time\" id=\"VMLy2TBb,3w_J(8Ve0Ab\"><field name=\"seconds\">5</field><next><block type=\"ui_background_set_bg_image\" id=\"eWrC*)GANnGPD.gWC4B7\"><field name=\"element_id\">appScreen_1</field><field name=\"SOURCE\">./img/CanvasBackgrounds/Technology_1.jpg</field><next><block type=\"wait_time\" id=\"idFV3fGr31zv4xkuQJ_*\"><field name=\"seconds\">5</field><next><block type=\"ui_background_set_bg_image\" id=\"b)qNfVWy9GoETFbuMPVg\"><field name=\"element_id\">appScreen_1</field><field name=\"SOURCE\">./img/CanvasBackgrounds/Technology_2.jpg</field><next><block type=\"wait_time\" id=\"OiqjmAKckG_59p.g3(DV\"><field name=\"seconds\">5</field><next><block type=\"ui_background_set_bg_image\" id=\"nfW*v!Z1uXEOyLj5YnEG\"><field name=\"element_id\">appScreen_1</field><field name=\"SOURCE\">./img/CanvasBackgrounds/Technology_5.jpg</field><next><block type=\"wait_time\" id=\"Rh!B,82yGbL,5WTQpVlt\"><field name=\"seconds\">5</field><next><block type=\"ui_background_set_bg_image\" id=\"fmK983.bN)1tz+O7YkiF\"><field name=\"element_id\">appScreen_1</field><field name=\"SOURCE\">./img/CanvasBackgrounds/Technology_6.jpg</field><next><block type=\"wait_time\" id=\"YzprNfvCM8scpgX2CISk\"><field name=\"seconds\">5</field></block></next></block></next></block></next></block></next></block></next></block></next></block></next></block></next></block></next></block></next></block></next></block></statement></block></next></block></next></block></xml>","metadata":{"schemaVersion":"2.1","uuid":"d3444e30-a7cf-11eb-8b38-97841a8a3007","canvasDimensions":{"height":"600px","width":"800px"},"htmlCode":"<div id=\"appScreen_1\" style=\"width: 800px; height: 600px; display: block; transform: scale(1.05167, 1.05167); transform-origin: left top 0px; background-image: url('./img/CanvasBackgrounds/Gaming_1.jpg'); background-size: 100% 100%; background-repeat: no-repeat;\" class=\"plezmo-screen\"><label class=\"plezmo-label\" id=\"video\" style=\"left: 170px; top: 151px; background-color: transparent; color: transparent; height: 300px; width: 500px; border-color: transparent; visibility: visible; \" draggable=\"true\"><video width=\"400\" controls=\"\">   <source src=\"https://download.blender.org/peach/trailer/trailer_1080p.ogg\" type=\"video/mp4\">   Your browser does not support HTML video. </video></label><label class=\"plezmo-label\" id=\"script\" style=\"left: 354px; top: 114px; background-color: transparent; color: transparent; border-color: transparent; visibility: visible; \" draggable=\"true\"><script>document.querySelector('#loader_div').style.display = \"none\"</script></label></div>","appElements":[],"elementsUsed":[{"type":196614,"elements":[{"name":"appScreen_1","mac":"appScreen_1"}]}],"virtualElements":[],"customFiles":{"displayImages":{},"musicAudios":{},"appImages":{}},"wsSectionWidths":{"codeAreaWidth":"0%","appAreaWidth":"100.43923865300147%","simulatorWidth":"0%"}},"tags":[]}