{"objective":"","description":"","xmlCode":"<xml xmlns=\"http://www.w3.org/1999/xhtml\"><block type=\"program_start\" id=\"*5,Szd_p9PpjEEME6GE4\" x=\"116\" y=\"-135\"><next><block type=\"forever\" id=\"JjI!jyeHqyuhxhTd_7JW\"><statement name=\"stack\"><block type=\"wait_time\" id=\"h9Dl(vzoxtwCf2UM)3K*\"><field name=\"seconds\">60</field><next><block type=\"ui_background_set_bg_image\" id=\"A(,VmosG32+,wGAa75RO\"><field name=\"element_id\">appScreen_1</field><value name=\"SOURCE\"><block type=\"image_input\" id=\"v,*lG)huoBh1bsb1vnJx\"><field name=\"SOURCE\">./img/AICoderStockImages/Backgrounds/SpaceP.png</field></block></value></block></next></block></statement></block></next></block></xml>","metadata":{"schemaVersion":"2.2","uuid":"d0758700-d4e3-11eb-b635-2f51b1831aba","canvasDimensions":{"height":"640px","width":"360px"},"htmlCode":"<div id=\"appScreen_1\" style=\"width: 360px; height: 640px; display: block; transform: scale(0.990269, 0.985938); transform-origin: left top 0px; background-image: url('./img/AICoderStockImages/Backgrounds/BlueDotsP.png'); background-size: 100% 100%; background-repeat: no-repeat;\" class=\"plezmo-screen\"><label class=\"plezmo-label\" id=\"Label\" style=\"left: 1px; top: 1px; background-color: transparent; height: 630px; width: 350px; font-size: 7px; border-color: transparent; visibility: visible; \" draggable=\"true\"> <form action=\"calculator_submit\" method=\"get\" accept-charset=\"utf-8\" name=\"forms\">     <input type=\"text\" name=\"display\" style=\"margin: 10px;padding: 10px;border-radius: 100px;outline-style: none;font-size: 20px;cursor: pointer;\" id=\"input\" title=\"BODMAS apply\" value=\"\"><br>     <span id=\"resut\"></span><br>     <input type=\"button\" name=\"key\" value=\" 1 \" onclick=\"forms.display.value += '1'\" style=\"margin: 10px;padding: 10px;border-radius: 100px;outline-style: none;font-size: 20px;cursor: pointer;\">     <input type=\"button\" name=\"key\" value=\" 2 \" onclick=\"forms.display.value += '2'\" style=\"margin: 10px;padding: 10px;border-radius: 100px;outline-style: none;font-size: 20px;cursor: pointer;\">     <input type=\"button\" name=\"key\" value=\" 3 \" onclick=\"forms.display.value += '3'\" style=\"margin: 10px;padding: 10px;border-radius: 100px;outline-style: none;font-size: 20px;cursor: pointer;\">     <input type=\"button\" name=\"key\" value=\" + \" onclick=\"forms.display.value += '+'\" style=\"margin: 10px;padding: 10px;border-radius: 100px;outline-style: none;font-size: 20px;cursor: pointer;\">     <br>     <input type=\"button\" name=\"key\" value=\" 4 \" onclick=\"forms.display.value += '4'\" style=\"margin: 10px;padding: 10px;border-radius: 100px;outline-style: none;font-size: 20px;cursor: pointer;\">     <input type=\"button\" name=\"key\" value=\" 5 \" onclick=\"forms.display.value += '5'\" style=\"margin: 10px;padding: 10px;border-radius: 100px;outline-style: none;font-size: 20px;cursor: pointer;\">     <input type=\"button\" name=\"key\" value=\" 6 \" onclick=\"forms.display.value += '6'\" style=\"margin: 10px;padding: 10px;border-radius: 100px;outline-style: none;font-size: 20px;cursor: pointer;\">     <input type=\"button\" name=\"key\" value=\" * \" onclick=\"forms.display.value += '*'\" style=\"margin: 10px;padding: 10px;border-radius: 100px;outline-style: none;font-size: 20px;cursor: pointer;\">     <br>     <input type=\"button\" name=\"key\" value=\" 7 \" onclick=\"forms.display.value += '7'\" style=\"margin: 10px;padding: 10px;border-radius: 100px;outline-style: none;font-size: 20px;cursor: pointer;\">     <input type=\"button\" name=\"key\" value=\" 8 \" onclick=\"forms.display.value += '8'\" style=\"margin: 10px;padding: 10px;border-radius: 100px;outline-style: none;font-size: 20px;cursor: pointer;\">     <input type=\"button\" name=\"key\" value=\" 9 \" onclick=\"forms.display.value += '9'\" style=\"margin: 10px;padding: 10px;border-radius: 100px;outline-style: none;font-size: 20px;cursor: pointer;\">     <input type=\"button\" name=\"key\" value=\" / \" onclick=\"forms.display.value += '/'\" style=\"margin: 10px;padding: 10px;border-radius: 100px;outline-style: none;font-size: 20px;cursor: pointer;\">     <br>     <input type=\"button\" name=\"key\" value=\" - \" onclick=\"forms.display.value += '-'\" style=\"margin: 10px;padding: 10px;border-radius: 100px;outline-style: none;font-size: 20px;cursor: pointer;\">     <input type=\"button\" name=\"key\" value=\" 0 \" onclick=\"forms.display.value += '0'\" style=\"margin: 10px;padding: 10px;border-radius: 100px;outline-style: none;font-size: 20px;cursor: pointer;\">     <input type=\"button\" name=\"key\" value=\" = \" onclick=\"forms.display.value = eval(forms.display.value)\" style=\"margin: 10px;padding: 10px;border-radius: 100px;outline-style: none;font-size: 20px;cursor: pointer;\">     <input type=\"button\" name=\"key\" value=\" . \" onclick=\"forms.display.value += '.'\" style=\"margin: 10px;padding: 10px;border-radius: 100px;outline-style: none;font-size: 20px;cursor: pointer;\">     <br>     <input type=\"button\" name=\"key\" value=\" √ \" onclick=\"forms.display.value = Math.sqrt(forms.display.value)\" style=\"margin: 10px;padding: 10px;border-radius: 100px;outline-style: none;font-size: 20px;cursor: pointer;\">     <input type=\"button\" name=\"key\" value=\" ( \" onclick=\"forms.display.value += '('\" style=\"margin: 10px;padding: 10px;border-radius: 100px;outline-style: none;font-size: 20px;cursor: pointer;\">     <input type=\"button\" name=\"key\" value=\" ) \" onclick=\"forms.display.value += ')'\" style=\"margin: 10px;padding: 10px;border-radius: 100px;outline-style: none;font-size: 20px;cursor: pointer;\">     <br>     <input type=\"button\" name=\"key\" value=\" clear all \" onclick=\"form.display.value = ''\" style=\"margin: 10px;padding: 10px;border-radius: 100px;outline-style: none;font-size: 20px;cursor: pointer;\">  </form></label></div>","appElements":[],"elementsUsed":[{"type":196614,"elements":[{"name":"appScreen_1","mac":"appScreen_1"}]}],"virtualElements":[],"customFiles":{"displayImages":{},"musicAudios":{},"appImages":{},"mlModels":{}},"appSounds":[],"wsSectionWidths":{"codeAreaWidth":"0%","appAreaWidth":"100.21961932650073%","simulatorWidth":"0%"}},"tags":[],"schemaVersion":"2.2"}