{"objective":"","description":"","xmlCode":"<xml xmlns=\"http://www.w3.org/1999/xhtml\"><block type=\"program_start\" id=\"PKJgCm7_vNpwybdjPK3P\" x=\"165\" y=\"33\"><next><block type=\"forever\" id=\"vLLd4zkv-Y.Wo3Fq9wK2\"><statement name=\"stack\"><block type=\"ui_background_set_bg_image\" id=\"*7FEZyY.)kWyeFZ3KaZq\"><field name=\"element_id\">appScreen_1</field><value name=\"SOURCE\"><block type=\"image_input\" id=\"yc_BY70l_XxjHByi5sfN\"><field name=\"SOURCE\">./img/CanvasBackgrounds/Gaming_1.jpg</field></block></value><next><block type=\"wait_time\" id=\"7loSU9r0G5BN)6ZQvH*B\"><field name=\"seconds\">3</field><next><block type=\"ui_background_set_bg_image\" id=\"Q15tUSpTpedoidl9CuLN\"><field name=\"element_id\">appScreen_1</field><value name=\"SOURCE\"><block type=\"image_input\" id=\"rGPU4sJmzpfka!NQF_Ry\"><field name=\"SOURCE\">./img/CanvasBackgrounds/Technology_1.jpg</field></block></value><next><block type=\"wait_time\" id=\"1r*RBZAcbk2.SG91uF61\"><field name=\"seconds\">3</field><next><block type=\"ui_background_set_bg_image\" id=\"S4*SOAGiZO5q+r,fP8.Z\"><field name=\"element_id\">appScreen_1</field><value name=\"SOURCE\"><block type=\"image_input\" id=\"rc!oc7ClNhmRtjCKe-Qa\"><field name=\"SOURCE\">./img/CanvasBackgrounds/Technology_6.jpg</field></block></value><next><block type=\"wait_time\" id=\"clj2Jek!4j*gvNx)lZJv\"><field name=\"seconds\">3</field><next><block type=\"ui_background_set_bg_image\" id=\"WeLXWHuuS(eYmO9ruBBF\"><field name=\"element_id\">appScreen_1</field><value name=\"SOURCE\"><block type=\"image_input\" id=\"52E(Saoz.dNWuob4ZAVq\"><field name=\"SOURCE\">./img/AICoderStockImages/Backgrounds/AbstarctBlueL.png</field></block></value><next><block type=\"wait_time\" id=\"B,niZlu!1uI6zewn))hE\"><field name=\"seconds\">3</field><next><block type=\"ui_background_set_bg_image\" id=\"!5pVkmSkb5UXI8BTG2Mg\"><field name=\"element_id\">appScreen_1</field><value name=\"SOURCE\"><block type=\"image_input\" id=\"XavxhEPAce3R*v6l++7a\"><field name=\"SOURCE\">./img/AICoderStockImages/Backgrounds/BlueDotsL.png</field></block></value><next><block type=\"wait_time\" id=\"UjkOqGFMw+*k9I7-tRvT\"><field name=\"seconds\">3</field><next><block type=\"ui_background_set_bg_image\" id=\"ZzFG(v0Kao2TNdH-AI-1\"><field name=\"element_id\">appScreen_1</field><value name=\"SOURCE\"><block type=\"image_input\" id=\"YgjhVq48jM1V3oT,R5_l\"><field name=\"SOURCE\">./img/AICoderStockImages/Backgrounds/BluePopL.png</field></block></value><next><block type=\"wait_time\" id=\"kshvuAioVvySFWJ,2CjP\"><field name=\"seconds\">3</field><next><block type=\"ui_background_set_bg_image\" id=\"UqgS(Nuk2ufo2bf8dV*e\"><field name=\"element_id\">appScreen_1</field><value name=\"SOURCE\"><block type=\"image_input\" id=\"UFv,8FIpF3eoN)d(V7O6\"><field name=\"SOURCE\">./img/AICoderStockImages/Backgrounds/Garden.png</field></block></value><next><block type=\"wait_time\" id=\"()1eFJz(gwaStoxGB5vS\"><field name=\"seconds\">3</field><next><block type=\"ui_background_set_bg_image\" id=\"!B.KkY.LO5.ZRw+NfhYY\"><field name=\"element_id\">appScreen_1</field><value name=\"SOURCE\"><block type=\"image_input\" id=\"*(Szc(*)SMWFPG4go_6U\"><field name=\"SOURCE\">./img/AICoderStockImages/Backgrounds/LeavesL.png</field></block></value><next><block type=\"wait_time\" id=\"1VQK_xOUdlfUeZ_*453B\"><field name=\"seconds\">3</field></block></next></block></next></block></next></block></next></block></next></block></next></block></next></block></next></block></next></block></next></block></next></block></next></block></next></block></next></block></next></block></statement></block></next></block></xml>","metadata":{"schemaVersion":"2.2","uuid":"a710c6d0-cf2b-11eb-9fbf-d133312306ae","canvasDimensions":{"height":"600px","width":"800px"},"htmlCode":"<div id=\"appScreen_1\" style=\"width: 800px; height: 600px; display: block; transform: scale(1.05167, 1.05167); transform-origin: left top 0px; background-image: url('./img/AICoderStockImages/Backgrounds/AbstarctBlueL.png'); background-size: 100% 100%; background-repeat: no-repeat;\" class=\"plezmo-screen\"><label class=\"plezmo-label\" id=\"Label\" style=\"left: 153px; top: 227px; background-color: transparent; color: #ffffff; height: 100px; width: 500px; font-size: 50px; border-color: transparent; visibility: visible; \" draggable=\"true\">Hello!<br>RAJKUMAR</label></div>","appElements":[],"elementsUsed":[{"type":196614,"elements":[{"name":"appScreen_1","mac":"appScreen_1"}]}],"virtualElements":[],"customFiles":{"displayImages":{},"musicAudios":{},"appImages":{},"mlModels":{}},"wsSectionWidths":{"codeAreaWidth":"50.073206442166914%","appAreaWidth":"50.219619326500734%","simulatorWidth":"0%"}},"tags":[],"schemaVersion":"2.2"}